<ImportExportXml version="9.2.24032.192" SolutionPackageVersion="9.2" languagecode="1033" generatedBy="CrmLive" xmlns:xsi="http://www.w3.org/2001/XMLSchema-instance">
  <SolutionManifest>
    <UniqueName>ToastNotificationFramework</UniqueName>
    <LocalizedNames>
      <LocalizedName description="Toast Notification Framework" languagecode="1033" />
    </LocalizedNames>
    <Descriptions />
    <Version>1.1.0.0</Version>
    <Managed>0</Managed>
    <Publisher>
      <UniqueName>yyz</UniqueName>
      <LocalizedNames>
        <LocalizedName description="yyz" languagecode="1033" />
      </LocalizedNames>
      <Descriptions />
      <EMailAddress xsi:nil="true"></EMailAddress>
      <SupportingWebsiteUrl xsi:nil="true"></SupportingWebsiteUrl>
      <CustomizationPrefix>yyz</CustomizationPrefix>
      <CustomizationOptionValuePrefix>21422</CustomizationOptionValuePrefix>
      <Addresses>
        <Address>
          <AddressNumber>1</AddressNumber>
          <AddressTypeCode>1</AddressTypeCode>
          <City xsi:nil="true"></City>
          <County xsi:nil="true"></County>
          <Country xsi:nil="true"></Country>
          <Fax xsi:nil="true"></Fax>
          <FreightTermsCode xsi:nil="true"></FreightTermsCode>
          <ImportSequenceNumber xsi:nil="true"></ImportSequenceNumber>
          <Latitude xsi:nil="true"></Latitude>
          <Line1 xsi:nil="true"></Line1>
          <Line2 xsi:nil="true"></Line2>
          <Line3 xsi:nil="true"></Line3>
          <Longitude xsi:nil="true"></Longitude>
          <Name xsi:nil="true"></Name>
          <PostalCode xsi:nil="true"></PostalCode>
          <PostOfficeBox xsi:nil="true"></PostOfficeBox>
          <PrimaryContactName xsi:nil="true"></PrimaryContactName>
          <ShippingMethodCode>1</ShippingMethodCode>
          <StateOrProvince xsi:nil="true"></StateOrProvince>
          <Telephone1 xsi:nil="true"></Telephone1>
          <Telephone2 xsi:nil="true"></Telephone2>
          <Telephone3 xsi:nil="true"></Telephone3>
          <TimeZoneRuleVersionNumber xsi:nil="true"></TimeZoneRuleVersionNumber>
          <UPSZone xsi:nil="true"></UPSZone>
          <UTCOffset xsi:nil="true"></UTCOffset>
          <UTCConversionTimeZoneCode xsi:nil="true"></UTCConversionTimeZoneCode>
        </Address>
        <Address>
          <AddressNumber>2</AddressNumber>
          <AddressTypeCode>1</AddressTypeCode>
          <City xsi:nil="true"></City>
          <County xsi:nil="true"></County>
          <Country xsi:nil="true"></Country>
          <Fax xsi:nil="true"></Fax>
          <FreightTermsCode xsi:nil="true"></FreightTermsCode>
          <ImportSequenceNumber xsi:nil="true"></ImportSequenceNumber>
          <Latitude xsi:nil="true"></Latitude>
          <Line1 xsi:nil="true"></Line1>
          <Line2 xsi:nil="true"></Line2>
          <Line3 xsi:nil="true"></Line3>
          <Longitude xsi:nil="true"></Longitude>
          <Name xsi:nil="true"></Name>
          <PostalCode xsi:nil="true"></PostalCode>
          <PostOfficeBox xsi:nil="true"></PostOfficeBox>
          <PrimaryContactName xsi:nil="true"></PrimaryContactName>
          <ShippingMethodCode>1</ShippingMethodCode>
          <StateOrProvince xsi:nil="true"></StateOrProvince>
          <Telephone1 xsi:nil="true"></Telephone1>
          <Telephone2 xsi:nil="true"></Telephone2>
          <Telephone3 xsi:nil="true"></Telephone3>
          <TimeZoneRuleVersionNumber xsi:nil="true"></TimeZoneRuleVersionNumber>
          <UPSZone xsi:nil="true"></UPSZone>
          <UTCOffset xsi:nil="true"></UTCOffset>
          <UTCConversionTimeZoneCode xsi:nil="true"></UTCConversionTimeZoneCode>
        </Address>
      </Addresses>
    </Publisher>
    <RootComponents>
      <RootComponent type="1" schemaName="yyz_toastnotificationmessage" behavior="0" />
      <RootComponent type="1" schemaName="yyz_toastnotificationrecipient" behavior="0" />
      <RootComponent type="20" id="{69536791-cb71-ee11-9ae7-000d3a36102e}" behavior="0" />
      <RootComponent type="20" id="{b7a8879d-cb71-ee11-9ae7-000d3a36102e}" behavior="0" />
      <RootComponent type="20" id="{e80dc770-cb71-ee11-9ae7-000d3a36102e}" behavior="0" />
      <RootComponent type="61" schemaName="yyz_/toast-notifications/img/ico_toastnotification_bell.svg" behavior="0" />
      <RootComponent type="61" schemaName="yyz_/toast-notifications/img/ico_toastnotification_recipient.svg" behavior="0" />
      <RootComponent type="61" schemaName="yyz_/toast-notifications/scripts/toastnotifications_main.js" behavior="0" />
      <RootComponent type="62" schemaName="yyz_TldrDynamics" behavior="0" />
      <RootComponent type="80" schemaName="yyz_TldrDynamics" behavior="0" />
      <RootComponent type="91" id="{14841b73-76d3-4283-ae19-a8f28cd59a49}" schemaName="Tldr.ToastNotificationFramework, Version=1.0.0.0, Culture=neutral, PublicKeyToken=785c6cc7e1aee812" behavior="0" />
      <RootComponent type="92" id="{04cce709-1ef1-ee11-904c-000d3a36102e}" behavior="0" />
      <RootComponent type="92" id="{8fe35f3d-1ef1-ee11-904c-000d3a36102e}" behavior="0" />
    </RootComponents>
    <MissingDependencies>
      <MissingDependency>
        <Required type="61" schemaName="msdyn_/Images/AppModule_Default_Icon.png" displayName="msdyn_/Images/AppModule_Default_Icon.png" solution="AppModuleWebResources (2.5)" />
        <Dependent type="80" schemaName="yyz_TldrDynamics" displayName="Tldr-Dynamics" />
      </MissingDependency>
      <MissingDependency>
        <Required type="SettingDefinition" displayName="AppChannel" solution="msdyn_AppFrameworkInfraExtensions (1.0.0.7)" id.uniquename="AppChannel" />
        <Dependent type="AppSetting" displayName="parentappmoduleid.uniquename=yyz_TldrDynamics,settingdefinitionid.uniquename=AppChannel" id.parentappmoduleid.uniquename="yyz_TldrDynamics" id.settingdefinitionid.uniquename="AppChannel" />
      </MissingDependency>
    </MissingDependencies>
  </SolutionManifest>
</ImportExportXml>